asset,n,ks_stat,ks_pvalue,mean_log_score
gurkor,1599,0.0822558713985585,7.364379931880047e-10,2.020510408094067
guitars,1599,0.10444174694013664,1.21877629286992e-15,0.5586291486634407
slingshots,1599,0.06585946773255602,1.789609896115767e-06,0.6472864699644191
stocks,1599,0.1658195333198328,6.800352317730217e-39,0.4819244748852248
sugar,1599,0.09052645853126262,7.475636591937779e-12,0.6886378852832395
water,1599,0.09567500665065198,3.4331705054032555e-13,2.2869484543125815
tranquillity,1599,0.1266068892113026,8.407084098915706e-23,0.9096201464028981
