cost_bps_per_trade,sharpe,ann_return_%,ann_cost_%
0,0.857630991558469,9.824035589042051,0.0
1,0.8367377932014416,9.65762796440862,0.1664076246334311
2,0.8158419199508247,9.491220339775191,0.3328152492668622
5,0.7531395140365643,8.991997465874897,0.8320381231671552
10,0.6485938046488648,8.15995934270774,1.6640762463343104
20,0.43940300836043755,6.495883096373429,3.328152492668621
50,-0.187824094157617,1.5036543573704966,8.320381231671556
100,-1.2245503654294398,-6.816726874301056,16.640762463343112
