strategy,full_sharpe,is_sharpe,oos_sharpe,oos_sharpe_lo,oos_sharpe_hi,oos_max_dd_%
Buy & Hold (EW),-2.191679776205806e-05,-0.07535895709128915,0.3339461559516666,-0.6335018370896439,1.301394148992977,-13.773719052022027
MA crossover 20/100,0.24026547173434207,0.28187178556031733,0.08605729548717235,-0.8572378910695182,1.0293524820438629,-8.762543183924532
Inverse-vol risk parity,0.021769088408024113,-0.037542054059724855,0.3082715157997517,-0.6553917082220779,1.2719347398215815,-6.092046229826586
Momentum top-3,0.22271007823241737,0.2024583397052434,0.305690072797676,-0.6576085730464263,1.2689887186417783,-13.478947987153644
Channel breakout 55/20,0.14702726319852122,0.18338153195470308,0.004451300847049674,-0.9371069075194433,0.9460095092135427,-3.8021939604658828
Buy dips,-0.01731173824236213,-0.09243517087312904,0.3279894757979622,-0.6385548150149746,1.2945337666108991,-7.538390428513642
Short stocks,0.057264496353600744,0.06327508935546114,0.03131446675276673,-0.9104698702046972,0.9730988037102306,-13.668528119936507
Lead-lag sugar,0.857630991558469,0.7722600629199909,1.223138050510269,-0.021720134120487344,2.467996235141025,-8.683209871851894
GARCH vol timing,-0.045169459581139736,-0.14306846173969426,0.4045142764178194,-0.5747991362622611,1.3838276890979,-5.850553713495721
