threshold,sharpe,ann_return_%,max_dd_%,days_sugar_held,share_sugar_held
-0.005,0.7785467052221196,9.328528006677992,-14.30850512092775,4024,0.7378071140447378
-0.002,0.8218091768163618,9.591746160125963,-14.250776533850463,3473,0.6367803447011368
-0.001,0.8513501291296014,9.804335883375458,-14.630187243743043,3261,0.5979097909790979
0.0,0.857630991558469,9.824035589042051,-14.723591964826465,2798,0.513017968463513
0.001,0.8659388822597256,9.853261230830785,-14.723591964826465,2551,0.4677301063439677
0.002,0.855223957671823,9.738255641564745,-14.305469622764111,2306,0.4228089475614228
0.005,0.784763662307607,9.127065127424546,-14.55282855024409,1621,0.2972130546387972
