strategy,n_days,ann_return_pct,ann_vol_pct,sharpe,boot_lo,boot_hi,max_dd_pct,terminal_equity,sub1,sub2,sub3,sub4,sub5,wf_positive
V1) 1/7 binary,5456,9.842263920755933,7.955871506831115,0.8600269517778146,0.41097809979818156,1.2960785501361756,-14.723591964826465,8.422681555268117,0.5081899792681615,0.5284492874965759,0.9830464568021666,1.0065986461117729,1.2231380505102687,5
V2) 100% all-in,5455,51.62788128350252,15.467686515387488,3.143836748638962,2.780991240588226,3.5525631968067306,-13.247414674711322,71381.73601671915,1.2419954588411997,2.125509313738575,3.7884794811241322,4.276425852849897,4.435138204872595,5
V3) 100% long/short,5455,101.2635733277663,22.66914763854773,4.334683195616676,3.931056505797789,4.827780442484827,-20.471265752248023,3310446491.227775,1.7878887901967062,3.227684081869363,5.233935454615513,5.90462699726921,5.60474650733775,5
V4) 100% anti-vol L/S,5435,113.68001711526303,24.18980067223021,4.5754828084351775,4.140340349039444,5.058928436753367,-22.260662999261605,44461637702.43861,2.3531855355318623,3.080955473290711,5.344251575478227,6.8432132852865895,5.676227567066345,5
