pct_dropped,n_extreme_days_dropped,sharpe,ann_return_%,max_dd_%
0.0,0,0.8577692560803976,9.825757947274951,-14.723591964826477
0.5,28,0.8251479632280917,9.522453554378806,-17.87751906809014
1.0,55,0.7969865632180356,9.277685825432396,-19.74816053617291
2.0,110,0.7187118569872535,8.6342466561145,-22.249152394736015
5.0,273,0.5948361381188988,7.623170756316812,-22.941778596573904
10.0,546,0.469555907116312,6.618455705245394,-24.12237352089912
