strategy,period_1,period_2,period_3,period_4,period_5,full,positive_periods
Buy & Hold (EW),0.1351759629400312,-0.0648336866827126,-0.08789024006579499,-0.19713516910605283,0.3344180373647559,-2.191679776205806e-05,2
Buy dips,0.19526069312694488,-0.2160210781106912,0.1755681730094693,-0.3118915409851544,0.3284762315869127,-0.01731173824236213,3
Channel breakout 55/20,0.44894766249966445,0.21505356978178758,0.1692625599477952,-0.008995540926527434,0.004640027776828499,0.14702726319852122,4
GARCH vol timing,-0.34554145390642005,-0.11950080204872654,0.333211042641923,-0.4340284370148421,0.40537920536267125,-0.045169459581139736,2
Inverse-vol risk parity,0.016691131449046027,-0.16011536781090738,0.38354825745249255,-0.3239262963908439,0.3090690942063309,0.021769088408024113,3
Lead-lag sugar,0.49244551741395404,0.5284492874974942,0.9830464568021675,1.006598646111773,1.2240155728358602,0.857630991558469,5
MA crossover 20/100,0.9655591252042943,-0.3155373703669084,0.14977540158713892,0.4729181240529444,0.08609669108837154,0.24026547173434207,4
Momentum top-3,0.8634600952387672,-0.1542613707198905,0.1822883483210338,0.10730164865830616,0.3058300605370656,0.22271007823241737,4
Short stocks,0.310873658911877,0.11492719215591661,0.04903031461676168,-0.1704320867018184,0.031537431588733095,0.057264496353600744,4
