n_bootstrap,block_size,mean,std,ci_lo_2_5,ci_hi_97_5,frac_positive,frac_above_0_5
500,21,0.8233849884435992,0.22474953481585905,0.4076214071545424,1.2640262462832617,1.0,0.926
