strategy,ann_active_return_%,ann_tracking_error_%,information_ratio
Lead-lag sugar,6.825963658685903,3.5996181770332827,1.8963021417765191
Momentum top-3,2.470630641771407,9.493022143554837,0.26025754542759694
MA crossover 20/100,1.2937370628431486,7.537937123603417,0.17163012129566474
Channel breakout 55/20,0.6093864944772315,8.402423905001983,0.07252508340057232
Short stocks,0.807483126537374,13.468008415825775,0.05995564463625739
Inverse-vol risk parity,0.10739931593327626,6.265670792465137,0.017140912679681587
Buy dips,-0.10150938314091656,4.829925577284726,-0.021016759268158915
GARCH vol timing,-0.20446682050416828,6.606996320787889,-0.030947015947450304
