n_permutations,original_sharpe,permuted_mean,permuted_std,permuted_max,z_score,p_value
1000,0.857630991558469,-0.058115893237743056,0.0507163069121495,0.13381953252626352,18.056261201795778,0.0
