target,peer,r2_contemp,r2_leadlag,gain_pp
gurkor,water,0.3286649125231921,0.32900566210666204,0.03407495834699681
slingshots,guitars,0.2769426014779919,0.27725342785378315,0.031082637579127326
