target,peer,r2_contemp,r2_leadlag,gain_pp
gurkor,water,0.3286649125231921,0.32900566210666216,0.03407495834700791
slingshots,guitars,0.27694260147799177,0.27725342785378304,0.031082637579127326
