asset,method,gap_day_L,gap_day_R,mid_day,median_mid,lo95_mid,hi95_mid,halfwidth_pct_mid
gurkor,bivariate (water),198,247,223,6.5999967732207665,6.452031723846944,6.751355118965913,2.293309390078435
guitars,bivariate (slingshots) + GARCH,398,447,423,3.317364634004608,3.08548719656228,3.5666678919315347,7.515099647818202
slingshots,bivariate (guitars) + GARCH,598,647,623,2.420145891276689,2.2927349905310908,2.5546372167969986,5.557157773218457
stocks,univariate,798,847,823,12.463393978348872,11.120874961314357,13.967982735162774,12.072062870094967
sugar,bivariate (guitars) + GARCH,998,1047,1023,3.5553072569270547,3.2563410180669474,3.881721730318574,9.181048213358856
water,bivariate (gurkor),1198,1247,1223,4.747042461609383,4.6520497769292595,4.843974852564251,2.041953315960132
tranquillity,univariate + GARCH,1398,1447,1423,8.607031060759885,8.029702078049239,9.225869523030038,7.189917846253446
