asset,method,gap_day_L,gap_day_R,mid_day,median_mid,lo95_mid,hi95_mid,halfwidth_pct_mid
gurkor,bivariate (water),198,247,223,6.5999967732207665,6.452031723846944,6.751355118965913,2.293309390078435
guitars,bivariate (slingshots) + GARCH,398,447,423,3.3173646340107528,3.0854871935814945,3.566667895390385,7.515099751884091
slingshots,bivariate (guitars) + GARCH,598,647,623,2.42014589153754,2.292734989726337,2.5546372182443746,5.5571578216464745
stocks,univariate,798,847,823,12.463393978348872,11.120874961314357,13.967982735162774,12.072062870094967
sugar,bivariate (slingshots) lag-1 + GARCH,998,1047,1023,3.5638974985515763,3.2734836732459724,3.880075982657205,8.871705323571422
water,bivariate (gurkor),1198,1247,1223,4.747042461609383,4.6520497769292595,4.843974852564251,2.041953315960132
tranquillity,univariate + GARCH,1398,1447,1423,8.607031061747698,8.029702081649624,9.225869521010983,7.189917810493274
